Institution Name ,Cert ,FIN ,Location ,Effective Date ,Ins. Fund ,Transaction Type ,Charter Class ,Failure / Assistance ,Total Deposits ,Total Assets ,Estimated Loss 12/31/2016
THE FARMERS AND MERCHANTS STATE BANK OF ARGONIA,17719,10529,"ARGONIA, KS",10/13/2017,DIF,PA ,NM ,FAILURE,"27,466","33,012",N/A
FAYETTE COUNTY BANK,1802,10528,"SAINT ELMO, IL",5/26/2017,DIF,PA ,SM ,FAILURE,"33,972","34,370",N/A
GUARANTY BANK,30003,10527,"MILWAUKEE, WI",5/5/2017,DIF,PA ,SA ,FAILURE,"1,002,026","1,031,900",N/A
FIRST NBC BANK,58302,10526,"NEW ORLEANS, LA",4/28/2017,DIF,PA ,NM ,FAILURE,"3,032,208","3,325,870",N/A
PROFICIO BANK,35495,10525,"COTTONWOOD HEIGHTS, UT",3/3/2017,DIF,PA ,NM ,FAILURE,"65,042","68,208",N/A
SEAWAY BANK AND TRUST COMPANY,19328,10524,"CHICAGO, IL",1/27/2017,DIF,PA ,NM ,FAILURE,"256,505","297,809",N/A
HARVEST COMMUNITY BANK,34951,10523,"PENNSVILLE, NJ",1/13/2017,DIF,PA ,NM ,FAILURE,"122,177","124,223",N/A
ALLIED BANK,91,10522,"MULBERRY, AR",9/23/2016,DIF,PA ,SM ,FAILURE,"64,713","66,336","6,880"
THE WOODBURY BANKING COMPANY,11297,10521,"WOODBURY, GA",8/19/2016,DIF,PA ,NM ,FAILURE,"21,122","21,426","5,225"
FIRST CORNERSTONE BANK,35312,10520,"KING OF PRUSSIA, PA",5/6/2016,DIF,PA ,NM ,FAILURE,"101,040","103,307","12,482"
TRUST COMPANY BANK,9956,10519,"MEMPHIS, TN",4/29/2016,DIF,PA ,NM ,FAILURE,"20,148","18,998","10,931"
NORTH MILWAUKEE STATE BANK,20364,10518,"MILWAUKEE, WI",3/11/2016,DIF,PA ,NM ,FAILURE,"61,493","67,115","11,846"
HOMETOWN NATIONAL BANK,35156,10517,"LONGVIEW, WA",10/2/2015,DIF,PA ,N ,FAILURE,"3,705","3,785","1,615"
THE BANK OF GEORGIA,35259,10516,"PEACHTREE CITY, GA",10/2/2015,DIF,PA ,NM ,FAILURE,"264,234","286,102","28,610"
PREMIER BANK,34112,10515,"DENVER, CO",7/10/2015,DIF,PA ,SM ,FAILURE,"25,480","26,760","4,262"
EDGEBROOK BANK,57772,10514,"CHICAGO, IL",5/8/2015,DIF,PA ,NM ,FAILURE,"90,007","90,034","22,216"
DORAL BANK,32102,10513,"SAN JUAN, PR",2/27/2015,DIF,PA ,NM ,FAILURE,"4,097,734","5,898,515","738,253"
CAPITOL CITY BANK & TRUST COMPANY,33938,10512,"ATLANTA, GA",2/13/2015,DIF,PA ,NM ,FAILURE,"262,652","272,311","99,487"
HIGHLAND COMMUNITY BANK,20290,10511,"CHICAGO, IL",1/23/2015,DIF,PA ,NM ,FAILURE,"53,453","54,727","5,571"
FIRST NATIONAL BANK OF CRESTVIEW,17557,10510,"CRESTVIEW, FL",1/16/2015,DIF,PA ,N ,FAILURE,"73,199","73,804","6,891"
NORTHERN STAR BANK,34983,10509,"MANKATO, MN",12/19/2014,DIF,PA ,NM ,FAILURE,"18,221","18,794","6,005"
"FRONTIER BANK, FSB",34738,10508,"PALM DESERT, CA",11/7/2014,DIF,PA ,SA ,FAILURE,"76,344","80,736","2,905"
THE NATIONAL REPUBLIC BANK OF CHICAGO,916,10507,"CHICAGO, IL",10/24/2014,DIF,PA ,N ,FAILURE,"809,638","843,118","56,947"
NBRS FINANCIAL BANK,4862,10506,"RISING SUN, MD",10/17/2014,DIF,PA ,SM ,FAILURE,"151,559","155,353","20,027"
"GREENCHOICE BANK, FSB",28462,10505,"CHICAGO, IL",7/25/2014,DIF,PA ,SA ,FAILURE,"68,722","70,286","18,412"
EASTSIDE COMMERCIAL BANK,58125,10504,"CONYERS, GA",7/18/2014,DIF,PA ,NM ,FAILURE,"166,875","173,946","38,334"
THE FREEDOM STATE BANK,12483,10503,"FREEDOM, OK",6/27/2014,DIF,PA ,NM ,FAILURE,"20,855","22,816","4,663"
VALLEY BANK,10450,10502,"MOLINE, IL",6/20/2014,DIF,PA ,NM ,FAILURE,"359,953","456,442","52,893"
VALLEY BANK,21793,10501,"FORT LANDERDALE, FL",6/20/2014,DIF,PA ,NM ,FAILURE,"66,541","81,843","5,605"
SLAVIE FEDERAL SAVINGS BANK,32368,10500,"BEL AIR, MD",5/30/2014,DIF,PA ,SA ,FAILURE,"111,142","140,063","10,954"
COLUMBIA SAVINGS BANK,32284,10499,"CINCINNATI, OH",5/23/2014,DIF,PA ,SB ,FAILURE,"29,538","36,484","7,224"
AZTECAMERICA BANK,57866,10498,"BERWYN, IL",5/16/2014,DIF,PA ,NM ,FAILURE,"65,031","66,309","21,715"
ALLENDALE COUNTY BANK,15062,10497,"FAIRFAX, SC",4/25/2014,DIF,PA ,NM ,FAILURE,"49,356","49,498","22,648"
VANTAGE POINT BANK,58531,10496,"HORSHAM, PA",2/28/2014,DIF,PA ,NM ,FAILURE,"62,472","63,453","9,358"
"MILLENNIUM BANK, NATIONAL ASSOCIATION",35096,10495,"STERLING, VA",2/28/2014,DIF,PA ,N ,FAILURE,"121,704","130,305","11,609"
SYRINGA BANK,34296,10494,"BOISE, ID",1/31/2014,DIF,PA ,NM ,FAILURE,"145,813","153,361","3,487"
THE  BANK OF UNION,17967,10493,"EL RENO, OK",1/24/2014,DIF,PA ,NM ,FAILURE,"315,843","317,172","97,605"
DUPAGE NATIONAL BANK,5732,10492,"WEST CHICAGO, IL",1/17/2014,DIF,PA ,N ,FAILURE,"51,878","53,524","1,530"
"TEXAS COMMUNITY BANK, NATIONAL ASSOCIATION",57431,10491,"THE WOODLANDS, TX",12/13/2013,DIF,PA ,N ,FAILURE,"142,640","159,257","14,625"
BANK OF JACKSON COUNTY,14794,10490,"GRACEVILLE, FL",10/30/2013,DIF,PA ,NM ,FAILURE,"24,591","24,724","5,849"
FIRST NATIONAL BANK,14318,10488,"EDINBURG, TX",9/13/2013,DIF,PA ,N ,FAILURE,"2,338,335","3,085,764","647,440"
THE COMMUNITY'S BANK,57041,10489,"BRIDGEPORT, CT",9/13/2013,DIF,PO ,NM ,FAILURE,"25,715","26,368","9,211"
COMMUNITY SOUTH BANK,19849,10486,"PARSONS, TN",8/23/2013,DIF,PA ,NM ,FAILURE,"377,672","386,908","134,396"
SUNRISE BANK OF ARIZONA,34707,10487,"PHOENIX, AZ",8/23/2013,DIF,PA ,NM ,FAILURE,"196,924","202,179","15,391"
BANK OF WAUSAU,35016,10485,"WAUSAU, WI",8/9/2013,DIF,PA ,NM ,FAILURE,"40,663","43,564","14,135"
FIRST COMMUNITY BANK OF SOUTHWEST FLORIDA,34943,10484,"FORT MYERS, FL",8/2/2013,DIF,PA ,NM ,FAILURE,"243,618","247,315","24,933"
MOUNTAIN NATIONAL BANK,34789,10483,"SEVIERVILLE, TN",6/7/2013,DIF,PA ,N ,FAILURE,"373,366","437,282","33,292"
1ST COMMERCE BANK,58358,10482,"NORTH LAS VEGAS, NV",6/6/2013,DIF,PA ,NM ,FAILURE,"19,579","20,152","6,223"
BANKS OF WISCONSIN,35386,10478,"KENOSHA, WI",5/31/2013,DIF,PA ,NM ,FAILURE,"127,590","134,024","23,567"
CENTRAL ARIZONA BANK,34527,10479,"SCOTTSDALE, AZ",5/14/2013,DIF,PA ,NM ,FAILURE,"30,822","31,550","5,425"
SUNRISE BANK,58185,10481,"VALDOSTA, GA",5/10/2013,DIF,PA ,NM ,FAILURE,"57,775","60,793","18,924"
PISGAH COMMUNITY BANK,58701,10480,"ASHEVILLE, NC",5/10/2013,DIF,PA ,NM ,FAILURE,"21,246","21,880","7,943"
DOUGLAS COUNTY BANK,21649,10476,"DOUGLASVILLE, GA",4/26/2013,DIF,PA ,NM ,FAILURE,"315,326","317,288","97,102"
PARKWAY BANK,57158,10477,"LENOIR, NC",4/26/2013,DIF,PA ,NM ,FAILURE,"104,709","109,642","16,490"
CHIPOLA COMMUNITY BANK,58034,10473,"MARIANNA, FL",4/19/2013,DIF,PA ,NM ,FAILURE,"37,067","37,471","7,920"
HERITAGE BANK OF NORTH FLORIDA,26680,10475,"ORANGE PARK, FL",4/19/2013,DIF,PA ,NM ,FAILURE,"106,348","103,960","25,231"
FIRST FEDERAL BANK,29594,10474,"LEXINGTON, KY",4/19/2013,DIF,PA ,SA ,FAILURE,"87,196","92,982","7,767"
GOLD CANYON BANK,58066,10472,"GOLD CANYON, AZ",4/5/2013,DIF,PA ,SM ,FAILURE,"41,728","42,125","8,263"
FRONTIER BANK,16431,10471,"LAGRANGE, GA",3/8/2013,DIF,PA ,NM ,FAILURE,"224,108","258,840","74,344"
COVENANT BANK,22476,10470,"CHICAGO, IL",2/15/2013,DIF,PA ,NM ,FAILURE,"54,202","58,422","19,576"
1ST REGENTS BANK,57157,10469,"ANDOVER, MN",1/18/2013,DIF,PA ,NM ,FAILURE,"49,147","49,626","12,229"
WESTSIDE COMMUNITY BANK,33997,10468,"UNIVERSITY PLACE, WA",1/11/2013,DIF,PA ,NM ,FAILURE,"91,879","91,935","22,860"
COMMUNITY BANK OF THE OZARKS,27331,10467,"SUNRISE, MO",12/14/2012,DIF,PA ,NM ,FAILURE,"41,881","42,816","15,044"
HOMETOWN COMMUNITYBANK,57928,10466,"BRASELTON, GA",11/16/2012,DIF,PA ,NM ,FAILURE,"108,931","124,561","39,665"
HERITAGE BANK OF FLORIDA,35009,10465,"LUTZ, FL",11/2/2012,DIF,PA ,NM ,FAILURE,"223,309","225,477","76,094"
CITIZENS FIRST NATIONAL BANK,3731,10464,"PRINCETON, IL",11/2/2012,DIF,PA ,N ,FAILURE,"869,440","923,959","33,033"
NOVA BANK,27148,10463,"BERWYN, PA",10/26/2012,DIF,PO ,SB ,FAILURE,"395,248","444,710","90,508"
EXCEL BANK,19189,10460,"SEDALIA, MO",10/19/2012,DIF,PA ,NM ,FAILURE,"173,670","186,113","29,104"
FIRST EAST SIDE SAVINGS BANK,28144,10461,"TAMARAC, FL",10/19/2012,DIF,PA ,SA ,FAILURE,"64,888","65,686","12,370"
GULFSOUTH PRIVATE BANK,58073,10462,"DESTIN, FL",10/19/2012,DIF,PA ,NM ,FAILURE,"131,579","139,391","45,347"
FIRST UNITED BANK,20685,10459,"CRETE, IL",9/28/2012,DIF,PA ,NM ,FAILURE,"316,877","328,422","43,765"
TRUMAN BANK,27316,10458,"ST. LOUIS, MO",9/14/2012,DIF,PA ,SM ,FAILURE,"245,716","282,338","39,498"
FIRST COMMERCIAL BANK,35246,10457,"BLOOMINGTON, MN",9/7/2012,DIF,PA ,NM ,FAILURE,"206,809","215,867","65,238"
WAUKEGAN SAVINGS BANK,28243,10456,"WAUKEGAN, IL",8/3/2012,DIF,PA ,SB ,FAILURE,"73,001","83,679","23,518"
JASPER BANKING COMPANY,16240,10455,"JASPER, GA",7/27/2012,DIF,PA ,NM ,FAILURE,"204,238","206,672","53,178"
SECOND FEDERAL SAVINGS AND LOAN ASSOCIATION OF CHICAGO,27986,10453,"CHICAGO, IL",7/20/2012,DIF,PA ,SA ,FAILURE,"171,627","190,891","86,692"
HEARTLAND BANK,1361,10452,"LEAWOOD, KS",7/20/2012,DIF,PA ,NM ,FAILURE,"89,723","96,002",636
GEORGIA TRUST BANK,57847,10451,"BUFORD, GA",7/20/2012,DIF,PA ,NM ,FAILURE,"114,748","116,890","25,525"
THE ROYAL PALM BANK OF FLORIDA,57096,10454,"NAPLES, FL",7/20/2012,DIF,PA ,NM ,FAILURE,"78,876","78,771","16,848"
FIRST CHEROKEE STATE BANK,32711,10450,"WOODSTOCK, GA",7/20/2012,DIF,PA ,NM ,FAILURE,"182,114","209,021","36,215"
GLASGOW SAVINGS BANK,1056,10449,"GLASGOW, MO",7/13/2012,DIF,PA ,NM ,FAILURE,"21,809","22,341","1,396"
MONTGOMERY BANK & TRUST,19498,10448,"AILEY, GA",7/6/2012,DIF,PA ,NM ,FAILURE,"164,181","153,208","73,148"
PUTNAM STATE BANK,27405,10445,"PALATKA, FL",6/15/2012,DIF,PA ,NM ,FAILURE,"160,024","169,489","29,815"
THE FARMERS BANK OF LYNCHBURG,1690,10447,"LYNCHBURG, TN",6/15/2012,DIF,PA ,NM ,FAILURE,"156,402","163,859","33,106"
SECURITY EXCHANGE BANK,35299,10446,"MARIETTA, GA",6/15/2012,DIF,PA ,NM ,FAILURE,"147,896","150,962","48,141"
CAROLINA FEDERAL SAVINGS BANK,35372,10441,"CHARLESTON, SC",6/8/2012,DIF,PA ,SA ,FAILURE,"53,082","54,373","18,529"
WACCAMAW BANK,34515,10444,"WHITEVILLE, NC",6/8/2012,DIF,PA ,SM ,FAILURE,"472,704","533,114","34,249"
FIRST CAPITAL BANK,416,10443,"KINGFISHER, OK",6/8/2012,DIF,PA ,NM ,FAILURE,"44,828","44,448","8,725"
FARMERS' AND TRADERS' STATE BANK,9257,10442,"SHABBONA, IL",6/8/2012,DIF,PA ,NM ,FAILURE,"42,302","43,077","10,201"
"ALABAMA TRUST BANK, NATIONAL ASSOCIATION",35224,10440,"SYLACAUGA, AL",5/18/2012,DIF,PA ,N ,FAILURE,"45,149","51,553","10,672"
"SECURITY BANK, NATIONAL ASSOCIATION",23156,10439,"NORTH LAUDERDALE, FL",5/4/2012,DIF,PA ,N ,FAILURE,"99,067","101,026","15,098"
PALM DESERT NATIONAL BANK,23632,10437,"PALM DESERT, CA",4/27/2012,DIF,PA ,N ,FAILURE,"129,023","129,253","26,331"
BANK OF THE EASTERN SHORE,26759,10434,"CAMBRIDGE, MD",4/27/2012,DIF,PO ,SM ,FAILURE,"150,951","162,460","61,641"
"INTER SAVINGS BANK, FSB D/B/A/ INTERBANK, FSB",31495,10436,"MAPLE GROVE, MN",4/27/2012,DIF,PA ,SA ,FAILURE,"458,053","463,840","70,213"
PLANTATION FEDERAL BANK,32503,10438,"PAWLEYS ISLAND, SC",4/27/2012,DIF,PA ,SA ,FAILURE,"415,943","433,512","83,230"
HARVEST BANK OF MARYLAND,57766,10435,"GAITHERSBURG, MD",4/27/2012,DIF,PA ,NM ,FAILURE,"145,534","163,019","26,694"
"FORT LEE FEDERAL SAVINGS BANK, FSB",35527,10433,"FORT LEE, NJ",4/20/2012,DIF,PA ,SA ,FAILURE,"47,786","48,861","12,726"
FIDELITY BANK,33883,10432,"DEARBORN, MI",3/30/2012,DIF,PA ,NM ,FAILURE,"747,640","818,237","97,182"
CONVENANT BANK & TRUST,58068,10430,"ROCK SPRING, GA",3/23/2012,DIF,PA ,NM ,FAILURE,"90,632","95,725","31,695"
PREMIER BANK,35419,10431,"WILMETTE, IL",3/23/2012,DIF,PA ,NM ,FAILURE,"198,953","268,703","71,134"
NEW CITY BANK,57597,10429,"CHICAGO, IL",3/9/2012,DIF,PO ,NM ,FAILURE,"72,399","71,202","14,253"
GLOBAL COMMERCE BANK,34046,10428,"DORAVILLE, GA",3/2/2012,DIF,PA ,NM ,FAILURE,"116,813","143,678","41,445"
HOME SAVINGS OF AMERICA,29178,10427,"LITTLE FALLS, MN",2/24/2012,DIF,PO ,SA ,FAILURE,"432,223","434,111","70,307"
CENTRAL BANK OF GEORGIA,5687,10426,"ELLAVILLE, GA",2/24/2012,DIF,PA ,NM ,FAILURE,"266,589","278,860","53,990"
CHARTER NATIONAL BANK AND TRUST,23187,10424,"HOFFMAN ESTATES, IL",2/10/2012,DIF,PA ,N ,FAILURE,"89,485","93,894","20,202"
SCB BANK,29761,10425,"SHELBYVILLE, IN",2/10/2012,DIF,PA ,SA ,FAILURE,"171,365","182,561","39,698"
TENNESSEE COMMERCE BANK,35296,10423,"FRANKLIN, TN",1/27/2012,DIF,PA ,NM ,FAILURE,"1,037,716","1,009,154","351,638"
PATRIOT BANK MINNESOTA,34823,10422,"FOREST LAKE, MN",1/27/2012,DIF,PA ,NM ,FAILURE,"102,833","105,029","35,509"
BANKEAST,19869,10420,"KNOXVILLE, TN",1/27/2012,DIF,PA ,SM ,FAILURE,"259,571","261,947","74,064"
FIRST GUARANTY BANK AND TRUST COMPANY OF JACKSONVILLE,16579,10421,"JACKSONVILLE, FL",1/27/2012,DIF,PA ,NM ,FAILURE,"378,309","397,082","54,383"
THE FIRST STATE BANK,19252,10419,"STOCKBRIDGE, GA",1/20/2012,DIF,PA ,NM ,FAILURE,"509,065","516,760","203,985"
AMERICAN EAGLE SAVINGS BANK,31581,10417,"BOOTHWYN, PA",1/20/2012,DIF,PA ,SA ,FAILURE,"17,548","19,259","4,842"
CENTRAL FLORIDA STATE BANK,57186,10418,"BELLEVIEW, FL",1/20/2012,DIF,PA ,NM ,FAILURE,"71,080","71,485","13,697"
WESTERN NATIONAL BANK,57917,10416,"PHOENIX, AZ",12/16/2011,DIF,PA ,N ,FAILURE,"144,491","162,872","41,735"
PREMIER COMMUNITY BANK OF THE EMERALD COAST,58343,10415,"CRESTVIEW, FL",12/16/2011,DIF,PA ,NM ,FAILURE,"112,050","125,976","25,167"
POLK COUNTY BANK,14194,10414,"JOHNSTON, IA",11/18/2011,DIF,PA ,NM ,FAILURE,"81,967","91,580","16,053"
CENTRAL PROGRESSIVE BANK,19657,10413,"LACOMBE, LA",11/18/2011,DIF,PA ,NM ,FAILURE,"347,720","383,132","48,824"
COMMUNITY BANK OF ROCKMART,57860,10412,"ROCKMART, GA",11/10/2011,DIF,PA ,NM ,FAILURE,"55,906","62,383","21,586"
"MID CITY BANK, INC.",19397,10410,"OMAHA, NE",11/4/2011,DIF,PA ,NM ,FAILURE,"105,461","106,075","14,114"
SUNFIRST BANK,57087,10411,"SAINT GEORGE, UT",11/4/2011,DIF,PA ,NM ,FAILURE,"169,135","198,081","43,693"
ALL AMERICAN BANK,57759,10409,"DES PLAINES, IL",10/28/2011,DIF,PA ,NM ,FAILURE,"30,542","34,800","13,801"
OLD HARBOR BANK,57537,10408,"CLEARWATER, FL",10/21/2011,DIF,PA ,NM ,FAILURE,"212,184","209,048","28,336"
COMMUNITY BANKS OF COLORADO,21132,10405,"GREENWOOD VILLAGE, CO",10/21/2011,DIF,PA ,SM ,FAILURE,"1,239,630","1,280,964","172,023"
DECATUR FIRST BANK,34392,10407,"DECATUR, GA",10/21/2011,DIF,PA ,NM ,FAILURE,"172,042","184,750","26,066"
COMMUNITY CAPITAL BANK,57036,10406,"JONESBORO, GA",10/21/2011,DIF,PA ,NM ,FAILURE,"157,808","165,291","64,965"
"BLUE RIDGE SAVINGS BANK, INC.",32347,10401,"ASHEVILLE, NC",10/14/2011,DIF,PA ,SB ,FAILURE,"159,628","161,430","44,376"
PIEDMONT COMMUNITY BANK,57256,10404,"GRAY, GA",10/14/2011,DIF,PA ,NM ,FAILURE,"178,773","198,993","88,194"
COUNTRY BANK,35395,10402,"ALEDO, IL",10/14/2011,DIF,PA ,NM ,FAILURE,"180,835","195,034","72,944"
FIRST STATE BANK,58046,10403,"CRANFORD, NJ",10/14/2011,DIF,PA ,NM ,FAILURE,"188,099","191,852","47,681"
SUN SECURITY BANK,20115,10400,"ELLINGTON, MO",10/7/2011,DIF,PA ,NM ,FAILURE,"280,649","351,492","93,168"
THE RIVERBANK,10216,10399,"WYOMING, MN",10/7/2011,DIF,PA ,NM ,FAILURE,"384,120","419,723","79,284"
FIRST INTERNATIONAL BANK,33513,10398,"PLANO, TX",9/30/2011,DIF,PA ,NM ,FAILURE,"208,775","239,916","58,022"
CITIZENS BANK OF NORTHERN CALIFORNIA,33983,10397,"NEVADA CITY, CA",9/23/2011,DIF,PA ,NM ,FAILURE,"253,079","288,765","41,059"
BANK OF THE COMMONWEALTH,20408,10396,"NORFOLK, VA",9/23/2011,DIF,PA ,SM ,FAILURE,"901,845","985,096","252,158"
THE FIRST NATIONAL BANK OF FLORIDA,25155,10395,"MILTON, FL",9/9/2011,DIF,PA ,N ,FAILURE,"280,095","296,841","76,066"
CREEKSIDE BANK,58226,10393,"WOODSTOCK, GA",9/2/2011,DIF,PA ,NM ,FAILURE,"96,583","102,338","34,280"
PATRIOT BANK OF GEORGIA,58273,10394,"CUMMING, GA",9/2/2011,DIF,PA ,NM ,FAILURE,"140,612","150,751","54,307"
LYDIAN PRIVATE BANK,35356,10392,"PALM BEACH, FL",8/19/2011,DIF,PA ,SA ,FAILURE,"1,253,835","1,700,117","190,852"
FIRST CHOICE BANK,57212,10390,"GENEVA, IL",8/19/2011,DIF,PA ,NM ,FAILURE,"137,215","141,016","34,064"
FIRST SOUTHERN NATIONAL BANK,57239,10391,"STATESBORO, GA",8/19/2011,DIF,PA ,N ,FAILURE,"159,673","164,599","22,679"
PUBLIC SAVINGS BANK,34130,10389,"HUNTINGDON VALLEY, PA",8/18/2011,DIF,PA ,SB ,FAILURE,"45,770","46,818","15,939"
THE FIRST NATIONAL BANK OF OLATHE,4744,10388,"OLATHE, KS",8/12/2011,DIF,PA ,N ,FAILURE,"524,290","538,091","103,842"
BANK OF WHITMAN,22528,10387,"COLFAX, WA",8/5/2011,DIF,PA ,SM ,FAILURE,"515,732","548,570","104,760"
BANK OF SHOREWOOD,22637,10386,"SHOREWOOD, IL",8/5/2011,DIF,PA ,NM ,FAILURE,"104,021","110,723","29,378"
INTEGRA BANK NATIONAL ASSOCIATION,4392,10384,"EVANSVILLE, IN",7/29/2011,DIF,PA ,N ,FAILURE,"1,693,592","1,994,430","89,107"
VIRGINIA BUSINESS BANK,58283,10385,"RICHMOND, VA",7/29/2011,DIF,PA ,SM ,FAILURE,"72,955","83,493","19,851"
"BANKMERIDIAN, N.A.",58222,10383,"COLUMBIA, SC",7/29/2011,DIF,PA ,N ,FAILURE,"209,737","232,648","49,444"
SOUTHSHORE COMMUNITY BANK,58056,10382,"APOLLO BEACH, FL",7/22/2011,DIF,PA ,NM ,FAILURE,"41,434","41,252","11,403"
BANK OF CHOICE,2994,10380,"GREELEY, CO",7/22/2011,DIF,PA ,NM ,FAILURE,"818,670","954,106","139,501"
LANDMARK BANK OF FLORIDA,35244,10381,"SARASOTA, FL",7/22/2011,DIF,PA ,SM ,FAILURE,"244,362","266,482","37,485"
FIRST PEOPLES BANK,34870,10376,"PORT SAINT LUCIE, FL",7/15/2011,DIF,PA ,NM ,FAILURE,"207,621","225,035","13,110"
HIGH TRUST BANK,19554,10377,"STOCKBRIDGE, GA",7/15/2011,DIF,PA ,NM ,FAILURE,"177,221","180,340","71,672"
ONE GEORGIA BANK,58238,10378,"ATLANTA, GA",7/15/2011,DIF,PA ,NM ,FAILURE,"158,123","177,715","40,898"
SUMMIT BANK,57442,10379,"PRESCOTT, AZ",7/15/2011,DIF,PA ,NM ,FAILURE,"67,471","73,066","14,868"
FIRST CHICAGO BANK & TRUST,27935,10374,"CHICAGO, IL",7/8/2011,DIF,PA ,SM ,FAILURE,"830,530","896,864","197,884"
COLORADO CAPITAL BANK,34522,10373,"CASTLE ROCK, CO",7/8/2011,DIF,PA ,NM ,FAILURE,"635,202","665,806","254,944"
SIGNATURE  BANK,57835,10375,"WINDSOR, CO",7/8/2011,DIF,PA ,NM ,FAILURE,"60,349","62,518","23,311"
MOUNTAIN HERITAGE BANK,57593,10372,"CLAYTON, GA",6/24/2011,DIF,PA ,NM ,FAILURE,"89,554","103,716","34,481"
MCINTOSH STATE BANK,19237,10371,"JACKSON, GA",6/17/2011,DIF,PA ,NM ,FAILURE,"324,403","339,929","78,350"
FIRST COMMERCIAL BANK OF TAMPA BAY,27583,10370,"TAMPA, FL",6/17/2011,DIF,PA ,NM ,FAILURE,"92,641","98,624","33,477"
ATLANTIC BANK AND TRUST,58420,10369,"CHARLESTON, SC",6/3/2011,DIF,PA ,SA ,FAILURE,"191,614","208,204","32,716"
FIRST HERITAGE BANK,23626,10368,"SNOHOMISH, WA",5/27/2011,DIF,PA ,NM ,FAILURE,"163,303","173,478","34,401"
ATLANTIC SOUTHERN BANK,57213,10365,"MACON, GA",5/20/2011,DIF,PA ,NM ,FAILURE,"707,643","741,855","282,023"
FIRST GEORGIA BANKING COMPANY,57647,10366,"FRANKLIN, GA",5/20/2011,DIF,PA ,NM ,FAILURE,"702,231","730,981","136,811"
SUMMIT BANK,513,10367,"BURLINGTON, WA",5/20/2011,DIF,PA ,NM ,FAILURE,"131,631","142,729","25,664"
COASTAL BANK,34898,10364,"COCOA BEACH, FL",5/6/2011,DIF,PA ,SA ,FAILURE,"123,950","129,429","18,527"
COMMUNITY CENTRAL BANK,34234,10359,"MOUNT CLEMENS, MI",4/29/2011,DIF,PA ,NM ,FAILURE,"371,494","451,683","98,808"
THE PARK AVENUE BANK,19797,10363,"VALDOSTA, GA",4/29/2011,DIF,PA ,SM ,FAILURE,"724,483","849,409","236,988"
FIRST NATIONAL BANK OF CENTRAL FLORIDA,26297,10362,"WINTER PARK, FL",4/29/2011,DIF,PA ,N ,FAILURE,"308,784","342,079","42,899"
CORTEZ COMMUNITY  BANK,57625,10360,"BROOKSVILLE, FL",4/29/2011,DIF,PA ,NM ,FAILURE,"65,439","66,282","17,194"
FIRST CHOICE COMMUNITY BANK,58539,10361,"DALLAS, GA",4/29/2011,DIF,PA ,NM ,FAILURE,"294,769","291,196","105,180"
NEW HORIZONS BANK,57705,10355,"EAST ELLIJAY, GA",4/15/2011,DIF,PA ,NM ,FAILURE,"99,022","103,055","34,732"
SUPERIOR BANK,17750,10358,"BIRMINGHAM, AL",4/15/2011,DIF,PA ,SA ,FAILURE,"2,736,201","2,977,290","323,186"
HERITAGE BANKING GROUP,14273,10354,"CARTHAGE, MS",4/15/2011,DIF,PA ,NM ,FAILURE,"205,035","228,328","38,173"
NEXITY BANK,19794,10356,"BIRMINGHAM, AL",4/15/2011,DIF,PA ,NM ,FAILURE,"611,681","757,574","180,152"
BARTOW COUNTY BANK,21495,10353,"CARTERSVILLE, GA",4/15/2011,DIF,PA ,NM ,FAILURE,"290,005","314,019","85,550"
ROSEMOUNT NATIONAL BANK,24099,10357,"ROSEMOUNT, MN",4/15/2011,DIF,PA ,N ,FAILURE,"20,980","21,454","5,398"
NEVADA COMMERCE BANK,35418,10351,"LAS VEGAS, NV",4/8/2011,DIF,PA ,NM ,FAILURE,"128,573","135,064","40,024"
WESTERN SPRINGS NATIONAL BANK AND TRUST,10086,10352,"WESTERN SPRINGS, IL",4/8/2011,DIF,PA ,N ,FAILURE,"182,441","186,677","38,547"
THE BANK OF COMMERCE,34292,10350,"WOOD DALE, IL",3/25/2011,DIF,PA ,NM ,FAILURE,"161,379","163,074","44,438"
LEGACY BANK,34818,10348,"MILWAUKEE, WI",3/11/2011,DIF,PA ,SM ,FAILURE,"183,309","190,418","76,731"
THE FIRST NATIONAL BANK OF DAVIS,4077,10349,"DAVIS, OK",3/11/2011,DIF,PA ,N ,FAILURE,"68,331","90,183","33,812"
VALLEY COMMUNITY BANK,34187,10347,"ST. CHARLES, IL",2/25/2011,DIF,PA ,NM ,FAILURE,"124,179","123,774","28,270"
"SAN LUIS TRUST BANK, FSB",34783,10346,"SAN LUIS OBISPO, CA",2/18/2011,DIF,PA ,SA ,FAILURE,"272,216","332,596","72,906"
CITIZENS BANK OF EFFINGHAM,34601,10344,"SPRINGFIELD, GA",2/18/2011,DIF,PA ,NM ,FAILURE,"206,490","214,275","48,619"
HABERSHAM BANK,151,10345,"CLARKESVILLE, GA",2/18/2011,DIF,PA ,NM ,FAILURE,"339,934","387,681","119,453"
CHARTER OAK BANK,57855,10343,"NAPA, CA",2/18/2011,DIF,PA ,NM ,FAILURE,"105,309","120,833","21,544"
BADGER STATE BANK,13272,10339,"CASSVILLE, WI",2/11/2011,DIF,PA ,NM ,FAILURE,"78,549","83,828","19,454"
PEOPLES STATE BANK,14939,10341,"HAMTRAMCK, MI",2/11/2011,DIF,PA ,NM ,FAILURE,"389,868","390,524","103,271"
CANYON NATIONAL BANK,34692,10340,"PALM SPRINGS, CA",2/11/2011,DIF,PA ,N ,FAILURE,"205,285","210,859","15,617"
SUNSHINE STATE COMMUNITY BANK,35478,10342,"PORT ORANGE, FL",2/11/2011,DIF,PA ,NM ,FAILURE,"116,715","125,531","32,294"
NORTH GEORGIA BANK,35242,10338,"WATKINSVILLE, GA",2/4/2011,DIF,PA ,NM ,FAILURE,"139,672","153,172","48,860"
AMERICAN TRUST BANK,57432,10336,"ROSWELL, GA",2/4/2011,DIF,PA ,NM ,FAILURE,"222,161","238,205","70,717"
COMMUNITY FIRST BANK - CHICAGO,57948,10337,"CHICAGO, IL",2/4/2011,DIF,PA ,SM ,FAILURE,"49,504","51,083","10,994"
FIRSTIER BANK,57646,10334,"LOUISVILLE, CO",1/28/2011,DIF,PO ,NM ,FAILURE,"718,797","764,090","240,888"
FIRST COMMUNITY BANK,12261,10333,"TAOS, NM",1/28/2011,DIF,PA ,SM ,FAILURE,"1,847,851","2,188,154","241,540"
EVERGREEN STATE BANK,5328,10332,"STOUGHTON, WI",1/28/2011,DIF,PA ,NM ,FAILURE,"193,694","240,949","28,789"
THE FIRST STATE BANK,2303,10335,"CAMARGO, OK",1/28/2011,DIF,PA ,NM ,FAILURE,"41,204","44,546","33,591"
ENTERPRISE BANKING COMPANY,19758,10329,"MCDONOUGH, GA",1/21/2011,DIF,PO ,NM ,FAILURE,"94,591","99,461","46,036"
COMMUNITYSOUTH BANK AND TRUST,57868,10328,"EASLEY, SC",1/21/2011,DIF,PA ,NM ,FAILURE,"314,250","340,986","45,189"
THE BANK OF ASHEVILLE,34516,10330,"ASHEVILLE, NC",1/21/2011,DIF,PA ,NM ,FAILURE,"199,394","204,925","45,095"
UNITED WESTERN BANK,31293,10331,"DENVER, CO",1/21/2011,DIF,PA ,SA ,FAILURE,"1,535,194","2,153,690","162,140"
OGLETHORPE BANK,57440,10327,"BRUNSWICK, GA",1/14/2011,DIF,PA ,NM ,FAILURE,"201,369","211,149","84,130"
FIRST COMMERCIAL BANK OF FLORIDA,34965,10325,"ORLANDO, FL",1/7/2011,DIF,PA ,SM ,FAILURE,"537,223","578,638","88,904"
LEGACY BANK,57820,10326,"SCOTTSDALE, AZ",1/7/2011,DIF,PA ,NM ,FAILURE,"119,685","136,446","32,224"
"APPALACIAN COMMUNITY BANK, F.S.B.",58495,10319,"MCCAYSVILLE, GA",12/17/2010,DIF,PA ,SA ,FAILURE,"76,360","68,201","28,814"
FIRST SOUTHERN BANK,58052,10322,"BATESVILLE, AR",12/17/2010,DIF,PA ,NM ,FAILURE,"172,514","191,764","25,100"
CHESTATEE STATE BANK,34578,10320,"DAWSONVILLE, GA",12/17/2010,DIF,PA ,NM ,FAILURE,"244,476","244,376","83,075"
UNITED AMERICAS BANK,35065,10323,"ATLANTA, GA",12/17/2010,DIF,PA ,N ,FAILURE,"244,172","242,339","96,415"
THE BANK OF MIAMI,19040,10324,"CORAL GABLES, FL",12/17/2010,DIF,PA ,N ,FAILURE,"374,218","448,150","29,876"
COMMUNITY NATIONAL BANK,23306,10321,"LINO LAKES, MN",12/17/2010,DIF,PA ,N ,FAILURE,"28,916","31,569","5,827"
EARTHSTAR BANK,35561,10317,"SOUTHAMPTON, PA",12/10/2010,DIF,PA ,NM ,FAILURE,"104,505","112,643","24,558"
PARAMOUNT BANK,34673,10318,"FARMINGTON HILLS, MI",12/10/2010,DIF,PA ,SM ,FAILURE,"213,550","252,744","68,586"
ALLEGIANCE BANK OF NORTH AMERICA,35078,10314,"BALA CYNWYD, PA",11/19/2010,DIF,PA ,NM ,FAILURE,"91,996","106,595","12,776"
GULF STATE COMMUNITY BANK,20340,10316,"CARRABELLE, FL",11/19/2010,DIF,PA ,NM ,FAILURE,"112,193","112,144","44,443"
FIRST BANKING CENTER,5287,10315,"BURLINGTON, WI",11/19/2010,DIF,PA ,SM ,FAILURE,"664,752","750,724","88,775"
DARBY BANK & TRUST COMPANY,14580,10312,"VIDALIA, GA",11/12/2010,DIF,PA ,NM ,FAILURE,"587,626","654,714","131,352"
COPPER STAR BANK,35463,10311,"SCOTTSDALE, AZ",11/12/2010,DIF,PA ,NM ,FAILURE,"190,182","203,955","55,375"
TIFTON BANKING COMPANY,57831,10313,"TIFTON, GA",11/12/2010,DIF,PA ,NM ,FAILURE,"141,573","143,729","25,194"
FIRST VIETNAMESE AMERICAN BANK,57885,10307,"WESTMINSTER, CA",11/5/2010,DIF,PA ,NM ,FAILURE,"47,012","48,000","14,585"
K BANK,31263,10308,"RANDALLSTOWN, MD",11/5/2010,DIF,PA ,NM ,FAILURE,"500,056","538,258","142,343"
PIERCE COMMERCIAL BANK,34411,10309,"TACOMA, WA",11/5/2010,DIF,PA ,SM ,FAILURE,"193,473","221,082","26,754"
WESTERN COMMERCIAL BANK,58087,10310,"WOODLAND HILLS, CA",11/5/2010,DIF,PA ,NM ,FAILURE,"101,127","98,635","16,943"
HILLCREST BANK,22173,10302,"OVERLAND PARK, KS",10/22/2010,DIF,PA ,NM ,FAILURE,"1,488,785","1,583,611","275,983"
THE GORDON BANK,33904,10305,"GORDON, GA",10/22/2010,DIF,PA ,NM ,FAILURE,"26,867","29,259","11,480"
"FIRST ARIZONA SAVINGS, A FSB",32582,10306,"SCOTTSDALE, AZ",10/22/2010,DIF,PO ,SA ,FAILURE,"190,615","255,920","34,292"
PROGRESS BANK OF FLORIDA,32251,10303,"TAMPA, FL",10/22/2010,DIF,PA ,SM ,FAILURE,"86,861","94,823","34,562"
FIRST SUBURBAN NATIONAL BANK,16089,10301,"MAYWOOD, IL",10/22/2010,DIF,PA ,N ,FAILURE,"135,475","143,451","44,321"
THE FIRST NATIONAL BANK OF BARNESVILLE,2119,10304,"BARNESVILLE, GA",10/22/2010,DIF,PA ,N ,FAILURE,"122,880","126,622","46,897"
FIRST BANK OF JACKSONVILLE,27573,10300,"JACKSONVILLE, FL",10/22/2010,DIF,PA ,NM ,FAILURE,"72,198","73,922","14,726"
"SECURITY SAVINGS BANK, F.S.B.",30898,10298,"OLATHE, KS",10/15/2010,DIF,PA ,SA ,FAILURE,"347,080","453,349","55,726"
PREMIER BANK,34016,10297,"JEFFERSON CITY, MO",10/15/2010,DIF,PA ,NM ,FAILURE,"869,367","989,382","313,904"
WESTBRIDGE BANK AND TRUST COMPANY,58205,10299,"CHESTERFIELD, MO",10/15/2010,DIF,PA ,NM ,FAILURE,"70,131","87,782","22,438"
SHORELINE BANK,35250,10295,"SHORELINE, WA",10/1/2010,DIF,PA ,NM ,FAILURE,"90,644","92,980","24,411"
WAKULLA BANK,21777,10296,"CRAWFORDVILLE, FL",10/1/2010,DIF,PA ,NM ,FAILURE,"367,228","402,205","122,473"
NORTH COUNTY BANK,35053,10294,"ARLINGTON, WA",9/24/2010,DIF,PA ,NM ,FAILURE,"276,081","288,776","70,800"
HAVEN TRUST BANK FLORIDA,58308,10293,"PONTE VEDRA BEACH, FL",9/24/2010,DIF,PA ,NM ,FAILURE,"133,561","148,575","34,827"
THE BANK OF ELLIJAY,58197,10287,"ELLIJAY, GA",9/17/2010,DIF,PA ,NM ,FAILURE,"160,718","168,820","79,709"
ISN BANK,57107,10290,"CHERRY HILL, NJ",9/17/2010,DIF,PA ,NM ,FAILURE,"79,652","81,564","19,015"
FIRST COMMERCE COMMUNITY BANK,57448,10289,"DOUGLASVILLE, GA",9/17/2010,DIF,PA ,NM ,FAILURE,"242,831","248,151","101,039"
THE PEOPLES BANK,182,10292,"WINDER, GA",9/17/2010,DIF,PA ,NM ,FAILURE,"398,181","447,185","101,852"
BRAMBLE SAVINGS BANK,27808,10288,"MILFORD, OH",9/17/2010,DIF,PA ,SB ,FAILURE,"41,551","47,523","17,928"
MARITIME SAVINGS BANK,28612,10291,"WEST ALLIS, WI",9/17/2010,DIF,PA ,SB ,FAILURE,"248,134","350,488","91,030"
HORIZON BANK,35061,10286,"BRADENTON, FL",9/10/2010,DIF,PA ,SM ,FAILURE,"164,594","187,819","61,394"
BUTTE COMMUNITY BANK,33219,10278,"CHICO, CA",8/20/2010,DIF,PA ,NM ,FAILURE,"471,256","498,751","9,440"
LOS PADRES BANK,32165,10282,"SOLVANG, CA",8/20/2010,DIF,PA ,SB ,FAILURE,"770,899","866,459","31,632"
IMPERIAL SAVINGS AND LOAN ASSOCIATION,31623,10280,"MARTINSVILLE, VA",8/20/2010,DIF,PA ,SB ,FAILURE,"10,090","9,448","4,752"
SHOREBANK,15640,10284,"CHICAGO, IL",8/20/2010,DIF,PA ,NM ,FAILURE,"1,547,403","2,166,431","526,903"
COMMUNITY NATIONAL BANK AT BARTOW,25266,10279,"BARTOW, FL",8/20/2010,DIF,PA ,N ,FAILURE,"63,708","67,918","9,170"
PACIFIC STATE BANK,27090,10283,"STOCKTON, CA",8/20/2010,DIF,PA ,SM ,FAILURE,"278,832","312,077","36,624"
SONOMA VALLEY BANK,27259,10285,"SONOMA, CA",8/20/2010,DIF,PA ,NM ,FAILURE,"255,501","337,113","10,176"
INDEPENDENT NATIONAL BANK,27344,10281,"OCALA, FL",8/20/2010,DIF,PA ,N ,FAILURE,"141,877","156,218","11,982"
PALOS BANK AND TRUST COMPANY,17599,10277,"PALOS HEIGHTS, IL",8/13/2010,DIF,PA ,NM ,FAILURE,"467,784","493,391","70,642"
RAVENSWOOD BANK,34231,10276,"CHICAGO, IL",8/6/2010,DIF,PA ,NM ,FAILURE,"269,448","264,628","70,148"
LIBERTYBANK,31964,10273,"EUGENE, OR",7/30/2010,DIF,PA ,NM ,FAILURE,"692,670","714,574","58,683"
BAYSIDE SAVINGS BANK,57669,10271,"PORT SAINT JOE, FL",7/30/2010,DIF,PA ,SB ,FAILURE,"52,720","64,344","12,479"
NORTHWEST BANK & TRUST,57658,10274,"ACWORTH, GA",7/30/2010,DIF,PA ,NM ,FAILURE,"155,531","160,763","33,627"
THE COWLITZ BANK,22643,10275,"LONGVIEW, WA",7/30/2010,DIF,PA ,NM ,FAILURE,"474,742","489,019","37,080"
COASTAL COMMUNITY BANK,9619,10272,"PANAMA CITY BEACH, FL",7/30/2010,DIF,PA ,NM ,FAILURE,"370,016","377,469","116,866"
THUNDER BANK,10506,10269,"SYLVAN GROVE, KS",7/23/2010,DIF,PA ,SM ,FAILURE,"27,048","28,248","6,651"
WILLIAMSBURG FIRST NATIONAL BANK,17837,10270,"KINGSTREE, SC",7/23/2010,DIF,PA ,N ,FAILURE,"126,993","130,411","2,425"
HOME VALLEY BANK,23181,10266,"CAVE JUNCTION, OR",7/23/2010,DIF,PA ,SM ,FAILURE,"227,935","250,488","32,112"
CRESCENT BANK AND TRUST COMPANY,27559,10265,"JASPER, GA",7/23/2010,DIF,PA ,NM ,FAILURE,"932,809","970,235","307,089"
SOUTHWESTUSA BANK,35434,10267,"LAS VEGAS, NV",7/23/2010,DIF,PA ,NM ,FAILURE,"183,985","203,690","87,710"
COMMUNITY SECURITY BANK,34486,10264,"NEW PRAGUE, MN",7/23/2010,DIF,PA ,NM ,FAILURE,"95,100","100,649","18,495"
STERLING BANK,32536,10268,"LANTANA, FL",7/23/2010,DIF,PA ,SM ,FAILURE,"329,541","354,966","42,517"
WOODLANDS BANK,32571,10262,"BLUFFTON, SC",7/16/2010,DIF,PA ,SB ,FAILURE,"364,808","382,803","107,349"
TURNBERRY BANK,32280,10261,"AVENTURA, FL",7/16/2010,DIF,PA ,SB ,FAILURE,"179,169","240,250","28,658"
FIRST NATIONAL BANK OF THE SOUTH,35383,10263,"SPARTANBURG, SC",7/16/2010,DIF,PA ,N ,FAILURE,"550,891","619,374","69,391"
METRO BANK OF DADE COUNTY,25172,10259,"MIAMI, FL",7/16/2010,DIF,PA ,SM ,FAILURE,"375,522","399,441","64,179"
OLDE CYPRESS COMMUNITY BANK,28864,10260,"CLEWISTON, FL",7/16/2010,DIF,PA ,SB ,FAILURE,"157,997","161,355","25,533"
"MAINSTREET SAVINGS BANK, FSB",28136,10258,"HASTINGS, MI",7/16/2010,DIF,PA ,SB ,FAILURE,"63,291","96,584","14,318"
BAY NATIONAL BANK,35462,10255,"BALTIMORE, MD",7/9/2010,DIF,PA ,N ,FAILURE,"212,612","217,743","21,144"
USA BANK,58072,10254,"PORT CHESTER, NY",7/9/2010,DIF,PA ,NM ,FAILURE,"188,644","190,678","64,576"
IDEAL FEDERAL SAVINGS BANK,32456,10257,"BALTIMORE, MD",7/9/2010,DIF,PO ,SB ,FAILURE,"5,803","6,177","4,179"
HOME NATIONAL BANK,11636,10256,"BLACKWELL, OK",7/9/2010,DIF,PA ,N ,FAILURE,"514,038","585,445","65,822"
FIRST NATIONAL BANK,34152,10251,"SAVANNAH, GA",6/25/2010,DIF,PA ,N ,FAILURE,"231,857","252,520","81,375"
HIGH DESERT STATE BANK,35279,10252,"ALBUQUERQUE, NM",6/25/2010,DIF,PA ,NM ,FAILURE,"80,985","80,343","28,487"
PENINSULA BANK,26563,10253,"ENGLEWOOD, FL",6/25/2010,DIF,PA ,NM ,FAILURE,"580,140","630,179","184,015"
NEVADA SECURITY BANK,57110,10250,"RENO, NV",6/18/2010,DIF,PA ,NM ,FAILURE,"479,759","492,491","73,101"
WASHINGTON FIRST INTERNATIONAL BANK,32955,10249,"SEATTLE, WA",6/11/2010,DIF,PA ,NM ,FAILURE,"441,362","520,887","95,372"
ARCOLA HOMESTEAD SAVINGS BANK,31813,10246,"ARCOLA, IL",6/4/2010,DIF,PO ,SB ,FAILURE,"18,092","17,028","12,429"
FIRST NATIONAL BANK,15814,10247,"ROSEDALE, MS",6/4/2010,DIF,PA ,N ,FAILURE,"63,483","60,449","18,111"
TIERONE BANK,29341,10248,"LINCOLN, NE",6/4/2010,DIF,PA ,SB ,FAILURE,"2,185,817","2,824,737","3,541"
"GRANITE COMMUNITY BANK, NATIONAL ASSOCIATION",57315,10244,"GRANITE BAY, CA",5/28/2010,DIF,PA ,N ,FAILURE,"94,252","102,913","14,009"
BANK OF FLORIDA - SOUTHEAST,57360,10241,"FORT LAUDERDALE, FL",5/28/2010,DIF,PA ,NM ,FAILURE,"531,752","595,318","60,470"
BANK OF FLORIDA - SOUTHWEST,35106,10242,"NAPLES, FL",5/28/2010,DIF,PA ,NM ,FAILURE,"559,897","640,894","87,638"
SUN WEST BANK,34785,10245,"LAS VEGAS, NV",5/28/2010,DIF,PA ,NM ,FAILURE,"353,943","360,662","121,908"
BANK OF FLORIDA - TAMPA BAY,57814,10243,"TAMPA BAY, FL",5/28/2010,DIF,PA ,NM ,FAILURE,"224,024","240,513","30,582"
PINEHURST BANK,57735,10240,"ST. PAUL, MN",5/21/2010,DIF,PA ,NM ,FAILURE,"58,288","61,215","8,410"
SATILLA COMMUNITY BANK,35114,10238,"SAINT MARYS, GA",5/14/2010,DIF,PA ,NM ,FAILURE,"134,005","135,688","38,326"
SOUTHWEST COMMUNITY BANK,34255,10239,"SPRINGFIELD, MO",5/14/2010,DIF,PA ,NM ,FAILURE,"102,463","100,659","25,580"
NEW LIBERTY BANK,35586,10237,"PLYMOUTH, MI",5/14/2010,DIF,PA ,NM ,FAILURE,"101,884","111,239","24,639"
MIDWEST BANK AND TRUST COMPANY,18117,10236,"ELMWOOD PARK, IL",5/14/2010,DIF,PA ,SM ,FAILURE,"2,420,738","3,172,915",0
ACCESS BANK,16476,10233,"CHAMPLIN, MN",5/7/2010,DIF,PA ,NM ,FAILURE,"31,969","31,996","7,916"
THE BANK OF BONIFAY,14246,10234,"BONIFAY, FL",5/7/2010,DIF,PA ,NM ,FAILURE,"230,190","242,871","65,819"
TOWNE BANK OF ARIZONA,57697,10235,"MESA, AZ",5/7/2010,DIF,PA ,NM ,FAILURE,"113,243","120,246","44,832"
1ST PACIFIC BANK OF CALIFORNIA,35517,10232,"SAN DIEGO, CA",5/7/2010,DIF,PA ,SM ,FAILURE,"291,173","335,798","11,105"
CHAMPION BANK,58362,10227,"CREVE COEUR, MO",4/30/2010,DIF,PA ,NM ,FAILURE,"153,763","195,510","57,091"
R-G PREMIER BANK OF PUERTO RICO,32185,10230,"HATO REY, PR",4/30/2010,DIF,PA ,NM ,FAILURE,"4,220,108","5,681,177","1,094,662"
WESTERNBANK PUERTO RICO,31027,10231,"MAYAGUEZ, PR",4/30/2010,DIF,PA ,NM ,FAILURE,"8,619,969","10,797,345","2,243,831"
BC NATIONAL BANKS,17792,10225,"BUTLER, MO",4/30/2010,DIF,PA ,N ,FAILURE,"43,635","52,204","9,220"
FRONTIER BANK,22710,10228,"EVERETT, WA",4/30/2010,DIF,PA ,NM ,FAILURE,"2,846,886","3,250,734","493,825"
EUROBANK,27150,10229,"SAN JUAN, PR",4/30/2010,DIF,PA ,NM ,FAILURE,"1,970,724","2,453,138","577,325"
CF BANCORP,30005,10226,"PORT HURON, MI",4/30/2010,DIF,PA ,SB ,FAILURE,"1,418,445","1,599,122","387,116"
BROADWAY BANK,22853,10219,"CHICAGO, IL",4/23/2010,DIF,PA ,NM ,FAILURE,"1,113,959","1,059,194","388,523"
PEOTONE BANK AND TRUST COMPANY,10888,10223,"PEOTONE, IL",4/23/2010,DIF,PA ,NM ,FAILURE,"124,676","130,165","47,013"
WHEATLAND BANK,58429,10224,"NAPERVILLE, IL",4/23/2010,DIF,PA ,NM ,FAILURE,"438,502","441,694","194,729"
NEW CENTURY BANK,34821,10222,"CHICAGO, IL",4/23/2010,DIF,PA ,NM ,FAILURE,"492,046","447,239","133,865"
CITIZENS BANK & TRUST COMPANY OF CHICAGO,34658,10220,"CHICAGO, IL",4/23/2010,DIF,PA ,NM ,FAILURE,"74,519","73,490","43,162"
LINCOLN PARK SAVINGS BANK,30600,10221,"CHICAGO, IL",4/23/2010,DIF,PA ,SB ,FAILURE,"162,627","194,618","41,436"
"AMCORE BANK, NATIONAL ASSOCIATION",3735,10218,"ROCKFORD, IL",4/23/2010,DIF,PA ,N ,FAILURE,"3,421,194","3,066,240","32,944"
LAKESIDE COMMUNITY BANK,34878,10215,"STERLING HEIGHTS, MI",4/16/2010,DIF,PO ,NM ,FAILURE,"52,290","49,173","22,143"
AMERICANFIRST BANK,57724,10210,"CLERMONT, FL",4/16/2010,DIF,PA ,NM ,FAILURE,"81,887","104,034","17,047"
TAMALPAIS BANK,33493,10217,"SAN RAFAEL, CA",4/16/2010,DIF,PA ,NM ,FAILURE,"487,582","611,504",0
INNOVATIVE BANK,23876,10214,"OAKLAND, CA",4/16/2010,DIF,PA ,NM ,FAILURE,"225,241","266,816","23,842"
RIVERSIDE NATIONAL BANK OF FLORIDA,24067,10216,"FORT PIERCE, FL",4/16/2010,DIF,PA ,N ,FAILURE,"2,724,623","3,393,818","24,072"
CITY BANK,21521,10212,"LYNNWOOD, WA",4/16/2010,DIF,PA ,NM ,FAILURE,"1,020,494","981,913","158,723"
BUTLER BANK,26619,10211,"LOWELL, MA",4/16/2010,DIF,PA ,SB ,FAILURE,"233,222","245,534","20,560"
FIRST FEDERAL BANK OF NORTH FLORIDA,28886,10213,"PALATKA, FL",4/16/2010,DIF,PA ,SB ,FAILURE,"324,198","440,122","18,490"
BEACH FIRST NATIONAL BANK,34242,10209,"MYRTLE BEACH, SC",4/9/2010,DIF,PA ,N ,FAILURE,"516,026","590,024","164,718"
DESERT HILLS BANK,57060,10205,"PHOENIX, AZ",3/26/2010,DIF,PA ,NM ,FAILURE,"426,473","496,552","114,695"
MCINTOSH COMMERCIAL BANK,57399,10207,"CARROLLTON, GA",3/26/2010,DIF,PA ,NM ,FAILURE,"343,339","363,405","164,026"
UNITY NATIONAL BANK,34678,10208,"CARTERSVILLE, GA",3/26/2010,DIF,PA ,N ,FAILURE,"264,286","300,590","73,589"
KEY WEST BANK,34684,10206,"KEY WEST, FL",3/26/2010,DIF,PA ,SB ,FAILURE,"67,662","88,031","16,215"
CENTURY SECURITY BANK,58104,10198,"DULUTH, GA",3/19/2010,DIF,PA ,NM ,FAILURE,"93,967","96,535","38,460"
ADVANTA BANK CORP.,33535,10200,"DRAPER, UT",3/19/2010,DIF,PO ,NM ,FAILURE,"1,519,471","1,525,931","536,964"
FIRST LOWNDES BANK,24957,10204,"FORT DEPOSIT, AL",3/19/2010,DIF,PA ,NM ,FAILURE,"131,117","137,175","13,105"
APPALACHIAN COMMUNITY BANK,33989,10199,"ELLIJAY, GA",3/19/2010,DIF,PA ,NM ,FAILURE,"917,575","1,010,075","458,266"
AMERICAN NATIONAL BANK,18806,10201,"PARMA, OH",3/19/2010,DIF,PA ,N ,FAILURE,"66,752","70,318","14,960"
BANK OF HIAWASSEE,10054,10202,"HIAWASSEE, GA",3/19/2010,DIF,PA ,NM ,FAILURE,"339,597","377,779","108,749"
STATE BANK OF AURORA,8221,10203,"AURORA, MN",3/19/2010,DIF,PA ,NM ,FAILURE,"27,801","28,159","7,026"
THE PARK AVENUE BANK,27096,10195,"NEW YORK, NY",3/12/2010,DIF,PA ,NM ,FAILURE,"494,505","520,146","79,227"
STATEWIDE BANK,29561,10196,"COVINGTON, LA",3/12/2010,DIF,PA ,NM ,FAILURE,"207,821","243,215","29,048"
OLD SOUTHERN BANK,58182,10197,"ORLANDO, FL",3/12/2010,DIF,PA ,SM ,FAILURE,"319,746","336,390","76,505"
LIBERTYPOINTE BANK,58071,10194,"NEW YORK, NY",3/11/2010,DIF,PA ,NM ,FAILURE,"209,477","216,500","19,702"
WATERFIELD BANK,34976,10190,"GERMANTOWN, MD",3/5/2010,DIF,PO ,SB ,FAILURE,"156,188","155,566","18,540"
CENTENNIAL BANK,34430,10193,"OGDEN, UT",3/5/2010,DIF,PO ,NM ,FAILURE,"205,076","212,839","73,494"
SUN AMERICAN BANK,27126,10192,"BOCA RATON, FL",3/5/2010,DIF,PA ,SM ,FAILURE,"443,481","535,724","123,050"
BANK OF ILLINOIS,9268,10191,"NORMAL, IL",3/5/2010,DIF,PA ,SM ,FAILURE,"198,487","211,711","21,692"
RAINIER PACIFIC BANK,38129,10189,"TACOMA, WA",2/26/2010,DIF,PA ,SB ,FAILURE,"446,192","717,806","7,640"
CARSON RIVER COMMUNITY BANK,58352,10188,"CARSON CITY, NV",2/26/2010,DIF,PA ,NM ,FAILURE,"50,024","51,095","15,090"
MARCO COMMUNITY BANK,57586,10187,"MARCO ISLAND, FL",2/19/2010,DIF,PA ,SM ,FAILURE,"117,097","119,578","25,416"
"LA JOLLA BANK, FSB",32423,10185,"LA JOLLA, CA",2/19/2010,DIF,PA ,SB ,FAILURE,"2,799,362","3,646,071","580,999"
THE LA COSTE NATIONAL BANK,3287,10186,"LA COSTE, TX",2/19/2010,DIF,PA ,N ,FAILURE,"49,275","53,936","5,709"
GEORGE WASHINGTON SAVINGS BANK,29952,10184,"ORLAND PARK, IL",2/19/2010,DIF,PA ,SB ,FAILURE,"395,310","413,673","134,106"
1ST AMERICAN STATE BANK OF MINNESOTA,15448,10183,"HANCOCK, MN",2/5/2010,DIF,PA ,NM ,FAILURE,"16,327","18,155","4,521"
FIRST NATIONAL BANK OF GEORGIA,16480,10179,"CARROLLTON, GA",1/29/2010,DIF,PA ,N ,FAILURE,"780,196","840,633","204,225"
AMERICAN MARINE BANK,16730,10178,"BAINBRIDGE ISLAND, WA",1/29/2010,DIF,PA ,NM ,FAILURE,"287,443","329,246","29,843"
"MARSHALL BANK, NATIONAL ASSOCIATION",16133,10182,"HALLOCK, MN",1/29/2010,DIF,PA ,N ,FAILURE,"55,662","58,566","1,301"
FIRST REGIONAL BANK,23011,10177,"LOS ANGELES, CA",1/29/2010,DIF,PA ,NM ,FAILURE,"1,664,450","2,082,684","250,420"
FLORIDA COMMUNITY BANK,5672,10181,"IMMOKALEE, FL",1/29/2010,DIF,PA ,NM ,FAILURE,"776,556","835,701","310,983"
COMMUNITY BANK & TRUST,5702,10180,"CORNELIA, GA",1/29/2010,DIF,PA ,NM ,FAILURE,"1,067,957","1,181,717","480,464"
BANK OF LEETON,8265,10174,"LEETON, MO",1/22/2010,DIF,PA ,NM ,FAILURE,"20,335","20,128","7,584"
COLUMBIA RIVER BANK,22469,10176,"THE DALLES, OR",1/22/2010,DIF,PA ,NM ,FAILURE,"908,132","955,112","56,790"
EVERGREEN BANK,20501,10172,"SEATTLE, WA",1/22/2010,DIF,PA ,NM ,FAILURE,"340,378","395,980","48,171"
PREMIER AMERICAN BANK,57147,10173,"MIAMI, FL",1/22/2010,DIF,PA ,NM ,FAILURE,"285,554","299,225","84,454"
CHARTER BANK,32498,10175,"SANTA FE, NM",1/22/2010,DIF,PA ,SB ,FAILURE,"859,933","1,201,922","130,456"
TOWN COMMUNITY BANK AND TRUST,34705,10170,"ANTIOCH, IL",1/15/2010,DIF,PA ,NM ,FAILURE,"68,323","70,758","24,022"
ST. STEPHEN STATE BANK,17522,10169,"ST. STEPHEN, MN",1/15/2010,DIF,PA ,NM ,FAILURE,"23,912","22,895","7,707"
BARNES BANKING COMPANY,1252,10171,"KAYSVILLE, UT",1/15/2010,DIF,PO ,SM ,FAILURE,"697,109","709,171","112,608"
HORIZON BANK,22977,10168,"BELLINGHAM, WA",1/8/2010,DIF,PA ,NM ,FAILURE,"1,049,063","1,188,956","219,693"
CITIZENS STATE BANK,1006,10162,"NEW BALTIMORE, MI",12/18/2009,DIF,PO ,NM ,FAILURE,"157,149","168,551","71,422"
ROCKBRIDGE COMMERCIAL BANK,58315,10164,"ATLANTA, GA",12/18/2009,DIF,PO ,NM ,FAILURE,"291,707","294,024","100,436"
INDEPENDENT BANKERS' BANK,26820,10166,"SPRINGFIELD, IL",12/18/2009,DIF,PI*,SM ,FAILURE,"511,473","585,508",0
"FIRST FEDERAL BANK OF CALIFORNIA,  A FEDERAL SAVINGS BANK",28536,10167,"SANTA MONICA, CA",12/18/2009,DIF,PA ,SB ,FAILURE,"4,538,607","6,143,903",0
PEOPLES FIRST COMMUNITY BANK,32167,10165,"PANAMA CITY, FL",12/18/2009,DIF,PA ,SB ,FAILURE,"1,684,443","1,795,420","619,102"
NEW SOUTH FEDERAL SAVINGS BANK,32276,10163,"IRONDALE, AL",12/18/2009,DIF,PA ,SB ,FAILURE,"1,163,916","1,464,127","302,103"
IMPERIAL CAPITAL BANK,26348,10161,"LA JOLLA, CA",12/18/2009,DIF,PA ,NM ,FAILURE,"2,822,300","4,046,888","297,096"
"REPUBLIC FEDERAL BANK, N.A.",22846,10158,"MIAMI, FL",12/11/2009,DIF,PA ,N ,FAILURE,"352,695","433,011","85,288"
"VALLEY CAPITAL BANK, N.A.",58399,10159,"MESA, AZ",12/11/2009,DIF,PA ,N ,FAILURE,"41,312","40,270","15,047"
SOLUTIONSBANK,4731,10160,"OVERLAND PARK, KS",12/11/2009,DIF,PA ,SM ,FAILURE,"421,271","511,103","93,578"
THE BUCKHEAD COMMUNITY BANK,34663,10152,"ATLANTA, GA",12/4/2009,DIF,PA ,NM ,FAILURE,"813,668","856,236","315,797"
GREATER ATLANTIC BANK,32583,10156,"RESTON, VA",12/4/2009,DIF,PA ,SB ,FAILURE,"179,248","203,262","30,361"
AMTRUST BANK,29776,10155,"CLEVELAND, OH",12/4/2009,DIF,PA ,SB ,FAILURE,"8,558,609","11,438,990","2,010,998"
BENCHMARK BANK,10440,10154,"AURORA, IL",12/4/2009,DIF,PA ,NM ,FAILURE,"182,760","173,062","79,321"
FIRST SECURITY NATIONAL BANK,26290,10157,"NORCROSS, GA",12/4/2009,DIF,PA ,N ,FAILURE,"121,645","127,455","34,282"
THE TATNALL BANK,12080,10153,"REIDSVILLE, GA",12/4/2009,DIF,PA ,NM ,FAILURE,"47,100","49,612","14,705"
COMMERCE BANK OF SOUTHWEST FLORIDA,58016,10151,"FORT MYERS, FL",11/20/2009,DIF,PA ,NM ,FAILURE,"72,821","70,997","32,663"
PACIFIC COAST NATIONAL BANK,57914,10150,"SAN CLEMENTE, CA",11/13/2009,DIF,PA ,N ,FAILURE,"128,867","131,418","33,518"
"CENTURY BANK, A FEDERAL SAVINGS BANK",32267,10148,"SARASOTA, FL",11/13/2009,DIF,PA ,SB ,FAILURE,"659,742","755,923","307,848"
ORION BANK,22427,10149,"NAPLES, FL",11/13/2009,DIF,PA ,SM ,FAILURE,"2,169,446","2,612,515","723,577"
UNITED SECURITY BANK,22286,10145,"SPARTA, GA",11/6/2009,DIF,PA ,NM ,FAILURE,"149,616","153,639","62,455"
GATEWAY BANK OF ST LOUIS,19450,10146,"ST LOUIS, MO",11/6/2009,DIF,PA ,NM ,FAILURE,"27,534","26,882","11,648"
UNITED COMMERCIAL BANK,32469,10147,"SAN FRANCISCO, CA",11/6/2009,DIF,PA ,NM ,FAILURE,"7,653,666","10,895,336","637,948"
HOME FEDERAL SAVINGS BANK,30329,10144,"DETROIT, MI",11/6/2009,DIF,PA ,SB ,FAILURE,"12,730","12,994","8,501"
PROSPERAN BANK,35074,10143,"OAKDALE, MN",11/6/2009,DIF,PA ,NM ,FAILURE,"182,794","197,442","34,702"
COMMUNITY BANK OF LEMONT,35291,10137,"LEMONT, IL",10/30/2009,DIF,PA ,NM ,FAILURE,"80,688","81,843","26,196"
CALIFORNIA NATIONAL BANK,34659,10134,"LOS ANGELES, CA",10/30/2009,DIF,PA ,N ,FAILURE,"6,145,207","7,781,100","384,319"
MADISONVILLE STATE BANK,33782,10142,"MADISONVILLE, TX",10/30/2009,DIF,PA ,NM ,FAILURE,"224,653","256,330",820
PACIFIC NATIONAL BANK,30006,10139,"SAN FRANCISCO, CA",10/30/2009,DIF,PA ,N ,FAILURE,"1,757,986","2,319,263","94,163"
"BANK USA, NA",32218,10136,"PHOENIX, AZ",10/30/2009,DIF,PA ,N ,FAILURE,"170,685","213,205","14,994"
NORTH HOUSTON BANK,18776,10138,"HOUSTON, TX",10/30/2009,DIF,PA ,NM ,FAILURE,"307,166","325,474","22,147"
PARK NATIONAL BANK,11677,10140,"CHICAGO, IL",10/30/2009,DIF,PA ,N ,FAILURE,"3,716,626","4,680,881","118,067"
SAN DIEGO NATIONAL BANK,23594,10135,"SAN DIEGO, CA",10/30/2009,DIF,PA ,N ,FAILURE,"2,891,576","3,594,544","92,094"
CITIZENS NATIONAL BANK,25222,10141,"TEAGUE, TX",10/30/2009,DIF,PA ,N ,FAILURE,"97,590","118,236","8,517"
BANK OF ELMWOOD,18321,10132,"RACINE, WI",10/23/2009,DIF,PA ,SM ,FAILURE,"272,782","327,444","99,463"
FLAGSHIP NATIONAL BANK,35044,10129,"BRADENTON, FL",10/23/2009,DIF,PA ,N ,FAILURE,"170,118","177,563","62,112"
PARTNERS BANK,57959,10130,"NAPLES, FL",10/23/2009,DIF,PA ,SB ,FAILURE,"64,798","65,498","31,809"
HILLCREST BANK FLORIDA,58336,10131,"NAPLES, FL",10/23/2009,DIF,PA ,NM ,FAILURE,"83,254","82,774","43,715"
RIVERVIEW COMMUNITY BANK,57525,10133,"OSTEGO, MN",10/23/2009,DIF,PA ,NM ,FAILURE,"75,012","99,057","23,983"
AMERICAN UNITED BANK,57794,10127,"LAWRENCEVILLE, GA",10/23/2009,DIF,PA ,NM ,FAILURE,"102,386","110,094","44,097"
FIRST DUPAGE BANK,35038,10128,"WESTMONT, IL",10/23/2009,DIF,PA ,NM ,FAILURE,"253,992","262,093","86,947"
SAN JOAQUIN BANK,23266,10126,"BAKERSFIELD, CA",10/16/2009,DIF,PA ,SM ,FAILURE,"626,359","766,359","81,106"
JENNINGS STATE BANK,11416,10124,"SPRING GROVE, MN",10/2/2009,DIF,PA ,NM ,FAILURE,"50,801","52,347","19,113"
SOUTHERN COLORADO NATIONAL BANK,57263,10123,"PUEBLO, CO",10/2/2009,DIF,PA ,N ,FAILURE,"29,568","37,142","8,323"
WARREN BANK,34824,10125,"WARREN, MI",10/2/2009,DIF,PA ,SM ,FAILURE,"467,767","504,816","224,417"
GEORGIAN BANK,57151,10122,"ATLANTA, GA",9/25/2009,DIF,PA ,NM ,FAILURE,"1,960,123","2,230,230","964,821"
IRWIN UNION BANK AND TRUST COMPANY,10100,10120,"COLUMBUS, IN",9/18/2009,DIF,PA ,SM ,FAILURE,"2,254,025","2,839,747","765,284"
"IRWIN UNION BANK, FSB",57068,10121,"LOUISVILLE, KY",9/18/2009,DIF,PA ,SB ,FAILURE,"462,611","518,151","117,339"
"CORUS BANK, N.A.",13693,10117,"CHICAGO, IL",9/11/2009,DIF,PA ,N ,FAILURE,"7,060,693","7,003,321","32,205"
VENTURE BANK,22868,10119,"LACEY, WA",9/11/2009,DIF,PA ,NM ,FAILURE,"917,729","968,385","214,758"
BRICKWELL COMMUNITY BANK,57736,10118,"WOODBURY, MN",9/11/2009,DIF,PA ,NM ,FAILURE,"64,981","72,576","24,597"
PLATINUM COMMUNITY BANK,35030,10115,"ROLLING MEADOWS, IL",9/4/2009,DIF,PO ,SB ,FAILURE,"110,186","147,961",95
FIRST STATE BANK,34875,10114,"FLAGSTAFF, AZ",9/4/2009,DIF,PA ,NM ,FAILURE,"95,734","107,235","49,833"
VANTUS BANK,27732,10116,"SIOUX CITY, IA",9/4/2009,DIF,PA ,SB ,FAILURE,"394,369","503,643","103,196"
FIRST BANK OF KANSAS CITY,25231,10112,"KANSAS CITY, MO",9/4/2009,DIF,PA ,NM ,FAILURE,"14,479","15,723","7,548"
INBANK,20203,10113,"OAK FOREST, IL",9/4/2009,DIF,PA ,NM ,FAILURE,"209,211","209,848","56,911"
BRADFORD BANK,28312,10109,"BALTIMORE, MD",8/28/2009,DIF,PA ,SB ,FAILURE,"382,159","451,888","51,313"
AFFINITY BANK,27197,10110,"VENTURA, CA",8/28/2009,DIF,PA ,NM ,FAILURE,"905,593","1,211,431","234,872"
MAINSTREET BANK,1909,10111,"FOREST LAKE, MN",8/28/2009,DIF,PA ,NM ,FAILURE,"432,818","458,533","90,677"
GUARANTY BANK,32618,10105,"AUSTIN, TX",8/21/2009,DIF,PA ,SB ,FAILURE,"11,984,112","13,464,352",0
EBANK,34682,10107,"ATLANTA, GA",8/21/2009,DIF,PA ,SB ,FAILURE,"131,510","144,688","51,661"
FIRST COWETA,57702,10108,"NEWNAN, GA",8/21/2009,DIF,PA ,NM ,FAILURE,"154,903","163,755","66,684"
CAPITALSOUTH BANK,22130,10106,"BIRMINGHAM, AL",8/21/2009,DIF,PA ,SM ,FAILURE,"539,422","586,586","126,753"
COMMUNITY BANK OF ARIZONA,57645,10101,"PHOENIX, AZ",8/14/2009,DIF,PA ,NM ,FAILURE,"143,834","158,517","27,723"
COMMUNITY BANK OF NEVADA,34043,10100,"LAS VEGAS, NV",8/14/2009,DIF,PO ,SM ,FAILURE,"1,372,744","1,397,798","565,531"
"UNION BANK, NATIONAL ASSOCIATION",34485,10102,"GILBERT, AZ",8/14/2009,DIF,PA ,N ,FAILURE,"110,362","119,529","53,565"
DWELLING HOUSE SAVINGS AND LOAN,31559,10104,"PITTSBURGH, PA",8/14/2009,DIF,PA ,SB ,FAILURE,"12,984","12,947","9,140"
COLONIAL BANK,9609,10103,"MONTGOMERY, AL",8/14/2009,DIF,PA ,NM ,FAILURE,"20,072,099","25,455,112","2,983,542"
FIRST STATE BANK,27364,10098,"SARASOTA, FL",8/7/2009,DIF,PA ,NM ,FAILURE,"394,701","447,667","121,899"
COMMUNITY NATIONAL BANK OF SARASOTA COUNTY,27183,10099,"VENICE, FL",8/7/2009,DIF,PA ,N ,FAILURE,"92,352","92,528","25,976"
COMMUNITY FIRST BANK,23268,10092,"PRINEVILLE, OR",8/7/2009,DIF,PA ,SM ,FAILURE,"180,691","199,508","74,175"
FIRST STATE BANK OF ALTUS,9873,10093,"ALTUS, OK",7/31/2009,DIF,PA ,NM ,FAILURE,"98,161","90,867","27,184"
MUTUAL BANK,18659,10094,"HARVEY, IL",7/31/2009,DIF,PA ,NM ,FAILURE,"1,546,525","1,595,657","797,140"
PEOPLES COMMUNITY BANK,32288,10096,"WEST CHESTER, OH",7/31/2009,DIF,PA ,SB ,FAILURE,"538,787","606,153","66,587"
FIRST BANKAMERICANO,34270,10097,"ELIZABTH, NJ",7/31/2009,DIF,PA ,NM ,FAILURE,"155,463","163,372","18,783"
INTEGRITY BANK,57604,10095,"JUPITER, FL",7/31/2009,DIF,PA ,NM ,FAILURE,"98,511","105,298","37,239"
WATERFORD VILLAGE BANK,58065,10091,"WILLIAMSVILLE, NY",7/24/2009,DIF,PA ,NM ,FAILURE,"56,145","55,707","7,875"
SECURITY BANK OF NORTH METRO,57105,10090,"WOODSTOCK, GA",7/24/2009,DIF,PA ,NM ,FAILURE,"182,413","184,184","102,031"
SECURITY BANK OF GWINNETT COUNTY,57346,10086,"SUWANNEE, GA",7/24/2009,DIF,PA ,NM ,FAILURE,"256,578","259,182","193,519"
SECURITY BANK OF NORTH FULTON,57430,10089,"ALPHARETTA, GA",7/24/2009,DIF,PA ,NM ,FAILURE,"179,523","190,564","49,000"
SECURITY BANK OF BIBB COUNTY,27367,10085,"MACON, GA",7/24/2009,DIF,PA ,NM ,FAILURE,"831,437","943,744","415,485"
SECURITY BANK OF HOUSTON COUNTY,27048,10087,"PERRY, GA",7/24/2009,DIF,PA ,NM ,FAILURE,"313,155","371,624","50,980"
SECURITY BANK OF JONES COUNTY,8486,10088,"GRAY, GA",7/24/2009,DIF,PA ,NM ,FAILURE,"375,238","432,712","98,201"
TEMECULA VALLEY BANK,34341,10082,"TEMECULA, CA",7/17/2009,DIF,PA ,NM ,FAILURE,"1,276,287","1,396,622","227,400"
BANKFIRST,34103,10081,"SIOUX FALLS, SD",7/17/2009,DIF,PA ,SM ,FAILURE,"232,203","210,844","112,171"
FIRST PIEDMONT BANK,34594,10084,"WINDER, GA",7/17/2009,DIF,PA ,NM ,FAILURE,"108,499","114,113","37,998"
"VINEYARD BANK, NATIONAL ASSOCIATION",23556,10083,"RANCHO CUCAMONGA, CA",7/17/2009,DIF,PA ,N ,FAILURE,"1,526,186","1,638,378","288,613"
BANK OF WYOMING,22754,10080,"THERMOPOLIS, WY",7/10/2009,DIF,PA ,NM ,FAILURE,"66,598","70,188","32,758"
FOUNDERS BANK,18390,10074,"WORTH, IL",7/2/2009,DIF,PA ,NM ,FAILURE,"832,160","889,172","131,780"
ROCK RIVER BANK,15302,10075,"OREGON, IL",7/2/2009,DIF,PA ,NM ,FAILURE,"74,896","74,808","18,696"
THE FIRST STATE BANK OF WINCHESTER,11710,10077,"WINCHESTER, IL",7/2/2009,DIF,PA ,NM ,FAILURE,"30,806","30,073","8,092"
THE JOHN WARNER BANK,12093,10076,"CLINTON, IL",7/2/2009,DIF,PA ,NM ,FAILURE,"65,179","69,609","13,893"
MILLENNIUM STATE BANK OF TEXAS,57667,10079,"DALLAS, TX",7/2/2009,DIF,PA ,NM ,FAILURE,"115,478","118,601","52,700"
THE ELIZABETH STATE BANK,9262,10073,"ELIZABETH, IL",7/2/2009,DIF,PA ,NM ,FAILURE,"48,131","55,027","9,418"
THE FIRST NATIONAL BANK OF DANVILLE,3644,10078,"DANVILLE, IL",7/2/2009,DIF,PA ,N ,FAILURE,"140,185","148,218","25,001"
HORIZON BANK,9744,10070,"PINE CITY, MN",6/26/2009,DIF,PA ,NM ,FAILURE,"69,254","84,763","24,010"
METROPACIFIC BANK,57893,10071,"IRVINE, CA",6/26/2009,DIF,PA ,NM ,FAILURE,"70,078","75,316","32,168"
COMMUNITY BANK OF WEST GEORGIA,57436,10068,"VILLA RICA, GA",6/26/2009,DIF,PO ,SM ,FAILURE,"189,398","201,222","74,315"
MIRAE BANK,57332,10072,"LOS ANGELES, CA",6/26/2009,DIF,PA ,NM ,FAILURE,"409,951","480,619","46,056"
NEIGHBORHOOD COMMUNITY BANK,35285,10069,"NEWNAN, GA",6/26/2009,DIF,PA ,SM ,FAILURE,"190,070","212,616","80,745"
SOUTHERN COMMUNITY BANK,35251,10067,"FAYETTEVILLE, GA",6/19/2009,DIF,PA ,NM ,FAILURE,"297,962","371,695","136,636"
FIRST NATIONAL BANK OF ANTHONY,4614,10066,"ANTHONY, KS",6/19/2009,DIF,PA ,N ,FAILURE,"142,551","156,954","33,230"
COOPERATIVE BANK,27837,10065,"WILMINGTON, NC",6/19/2009,DIF,PA ,NM ,FAILURE,"768,479","966,778","287,395"
BANK OF LINCOLNWOOD,17309,10064,"LINCOLNWOOD, IL",6/5/2009,DIF,PA ,NM ,FAILURE,"209,285","212,718","71,926"
CITIZENS NATIONAL BANK,5757,10063,"MACOMB, IL",5/22/2009,DIF,PA ,N ,FAILURE,"393,635","438,560","38,838"
STRATEGIC CAPITAL BANK,35175,10062,"CHAMPAIGN, IL",5/22/2009,DIF,PA ,NM ,FAILURE,"479,384","546,576","103,146"
"BANKUNITED, FSB",32247,10061,"CORAL GABLES, FL",5/21/2009,DIF,PA ,SB ,FAILURE,"8,775,985","13,111,463","5,259,246"
WESTSOUND BANK,34843,10060,"BREMERTON, WA",5/8/2009,DIF,PA ,NM ,FAILURE,"304,464","334,608","84,061"
AMERICA WEST BANK,35461,10057,"LAYTON, UT",5/1/2009,DIF,PA ,NM ,FAILURE,"286,040","281,564","116,556"
"SILVERTON BANK, NATIONAL ASSOCIATION",26535,10059,"ATLANTA, GA",5/1/2009,DIF,PO*,N ,FAILURE,"3,314,928","4,157,246","652,400"
CITIZENS COMMUNITY BANK,57563,10058,"RIDGEWOOD, NJ",5/1/2009,DIF,PA ,NM ,FAILURE,"40,664","40,657","19,294"
FIRST BANK OF BEVERLY HILLS,32069,10054,"CALABASAS, CA",4/24/2009,DIF,PO ,NM ,FAILURE,"866,492","1,260,354","14,819"
MICHIGAN HERITAGE BANK,34369,10056,"FARMINGTON HILLS, MI",4/24/2009,DIF,PA ,SM ,FAILURE,"149,065","167,710","50,302"
"FIRST BANK OF IDAHO, FSB",34396,10055,"KETCHUM, ID",4/24/2009,DIF,PA ,SB ,FAILURE,"370,580","490,656","112,349"
AMERICAN SOUTHERN BANK,57943,10053,"KENNESAW, GA",4/24/2009,DIF,PA ,NM ,FAILURE,"105,940","105,950","33,999"
GREAT BASIN BANK OF NEVADA,33824,10051,"ELKO, NV",4/17/2009,DIF,PA ,NM ,FAILURE,"220,834","238,940","20,538"
AMERICAN STERLING BANK,8266,10052,"SUGAR CREEK, MO",4/17/2009,DIF,PA ,SB ,FAILURE,"170,946","166,456","47,037"
CAPE FEAR BANK,34639,10049,"WILMINGTON, NC",4/10/2009,DIF,PA ,NM ,FAILURE,"402,820","492,418","118,613"
NEW FRONTIER BANK,34881,10050,"GREELEY, CO",4/10/2009,DIF,PO ,NM ,FAILURE,"1,496,347","1,774,588","920,747"
OMNI NATIONAL BANK,22238,10048,"ATLANTA, GA",3/27/2009,DIF,PO ,N ,FAILURE,"813,205","979,585","305,510"
FIRSTCITY BANK,18243,10047,"STOCKBRIDGE, GA",3/20/2009,DIF,PO ,NM ,FAILURE,"259,056","285,015","139,446"
"TEAMBANK, N.A.",4754,10046,"PAOLA, KS",3/20/2009,DIF,PA ,N ,FAILURE,"532,520","669,830","134,593"
COLORADO NATIONAL BANK,18896,10045,"COLORADO SPRINGS, CO",3/20/2009,DIF,PA ,N ,FAILURE,"85,150","123,508","12,687"
FREEDOM BANK OF GEORGIA,57558,10044,"COMMERCE, GA",3/6/2009,DIF,PA ,NM ,FAILURE,"159,048","172,454","43,793"
SECURITY SAVINGS BANK,34820,10043,"HENDERSON, NV",2/27/2009,DIF,PA ,NM ,FAILURE,"174,872","238,307","35,125"
HERITAGE COMMUNITY BANK,20078,10042,"GLENWOOD, IL",2/27/2009,DIF,PA ,NM ,FAILURE,"225,735","235,154","49,909"
SILVER FALLS BANK,35399,10041,"SILVERTON, OR",2/20/2009,DIF,PA ,NM ,FAILURE,"115,976","134,206","39,946"
PINNACLE BANK,57342,10040,"BEAVERTON, OR",2/13/2009,DIF,PA ,NM ,FAILURE,"64,168","71,921","10,218"
RIVERSIDE BANK OF THE GULF COAST,34563,10038,"CAPE CORAL, FL",2/13/2009,DIF,PA ,SM ,FAILURE,"422,708","523,673","200,275"
SHERMAN COUNTY BANK,5431,10039,"LOUP CITY, NE",2/13/2009,DIF,PA ,NM ,FAILURE,"90,647","135,431","42,684"
CORN BELT BANK AND TRUST COMPANY,16500,10037,"PITTSFIELD, IL",2/13/2009,DIF,PA ,NM ,FAILURE,"233,788","260,201","81,225"
COUNTY BANK,22574,10034,"MERCED, CA",2/6/2009,DIF,PA ,SM ,FAILURE,"1,324,635","1,711,552","63,661"
ALLIANCE BANK,23124,10035,"CULVER CITY, CA",2/6/2009,DIF,PA ,NM ,FAILURE,"951,106","1,113,361","122,733"
FIRSTBANK FINANCIAL SERVICES,57017,10036,"MCDONOUGH, GA",2/6/2009,DIF,PA ,NM ,FAILURE,"279,308","317,237","152,700"
SUBURBAN FEDERAL SAVINGS BANK,30763,10033,"CROFTON, MD",1/30/2009,DIF,PA ,SB ,FAILURE,"301,847","347,408","73,819"
OCALA NATIONAL BANK,26538,10032,"OCALA, FL",1/30/2009,DIF,PA ,N ,FAILURE,"204,663","219,424","93,986"
MAGNET BANK,58001,10031,"SALT LAKE CITY, UT",1/30/2009,DIF,PO ,NM ,FAILURE,"282,578","300,674","170,819"
1ST CENTENNIAL BANK,33025,10030,"REDLANDS, CA",1/23/2009,DIF,PI ,NM ,FAILURE,"678,570","797,959","137,245"
COUNTRYWIDE BANK FSB,33143,N/A,"ALEXANDRIA, VA",1/16/2009,***,A/A ,SB ,ASSISTANCE,"43,663,251","117,978,966",N/A
FIA CARD SERVICES N.A.,33318,N/A,"WILMINGTON, DE",1/16/2009,***,A/A ,N ,ASSISTANCE,"9,816,599","159,637,136",N/A
MERRILL LYNCH BANK USA,27374,N/A,"SALT LAKE CITY, UT",1/16/2009,***,A/A ,NM ,ASSISTANCE,"53,620,324","61,809,503",N/A
BANK OF AMERICA OREGON N.A.,35453,N/A,"PORTLAND, OR",1/16/2009,***,A/A ,N ,ASSISTANCE,500,"11,526,309",N/A
MERRILL LYNCH BANK & TRUST CO FSB,34571,N/A,"NEW YORK, NY",1/16/2009,***,A/A ,SB ,ASSISTANCE,"28,539,028","37,986,413",N/A
BANK OF CLARK COUNTY,34959,10029,"VANCOUVER, WA",1/16/2009,DIF,PI ,NM ,FAILURE,"377,506","441,085","150,072"
BANK OF AMERICA RHODE ISLAND N.A.,58032,N/A,"PROVIDENCE, RI",1/16/2009,***,A/A ,N ,ASSISTANCE,500,"35,410,586",N/A
BANK OF AMERICA N.A.,3510,N/A,"CHARLOTTE, NC",1/16/2009,***,A/A ,N ,ASSISTANCE,"954,677,580","1,471,631,047",N/A
BANK OF AMERICA CALIFORNIA N.A.,25178,N/A,"SAN FRANCISCO, CA",1/16/2009,***,A/A ,N ,ASSISTANCE,500,"21,502,223",N/A
NATIONAL BANK OF COMMERCE,19733,10028,"BERKELEY, IL",1/16/2009,DIF,PA ,N ,FAILURE,"395,868","419,741","80,836"
SANDERSON STATE BANK,11568,10026,"SANDERSON, TX",12/12/2008,DIF,PA ,NM ,FAILURE,"32,012","38,217","8,092"
HAVEN TRUST BANK,35379,10027,"DULUTH, GA",12/12/2008,DIF,PA ,NM ,FAILURE,"489,692","559,551","248,360"
FIRST GEORGIA COMMUNITY BANK,34301,10025,"JACKSON, GA",12/5/2008,DIF,PA ,SM ,FAILURE,"215,287","256,371","87,857"
"CITICORP TRUST BANK, FSB",18708,N/A,"WILMINGTON, DE",11/23/2008,***,A/A ,SB ,ASSISTANCE,"7,231,013","19,599,414",N/A
CITIBANK (BANAMEX USA),18923,N/A,"CENTURY CITY, CA",11/23/2008,***,A/A ,NM ,ASSISTANCE,"876,086","1,322,720",N/A
"CITIBANK (SOUTH DAKOTA), N.A.",23360,N/A,"SIOUX FALLS, SD",11/23/2008,***,A/A ,N ,ASSISTANCE,"42,356,986","77,737,957",N/A
"CITIBANK, NATIONAL ASSOCIATION",7213,N/A,"LAS VEGAS, NV",11/23/2008,***,A/A ,N ,ASSISTANCE,"230,042,000","1,207,007,000",N/A
DEPARTMENT STORES NATIONAL BANK,58180,N/A,"SIOUX FALLS, SD",11/23/2008,***,A/A ,N ,ASSISTANCE,"300,881","374,903",N/A
THE COMMUNITY BANK,16490,10022,"LOGANVILLE, GA",11/21/2008,DIF,PA ,NM ,FAILURE,"603,733","634,901","334,604"
"DOWNEY SAVINGS AND LOAN ASSOCIATION, F.A.",30968,10023,"NEWPORT BEACH, CA",11/21/2008,DIF,PA ,SB ,FAILURE,"9,653,169","12,779,371","189,333"
PFF BANK & TRUST,28344,10024,"POMONA, CA",11/21/2008,DIF,PA ,SB ,FAILURE,"2,393,845","3,715,433","299,765"
SECURITY PACIFIC BANK,23595,10020,"SAN DIEGO, CA",11/7/2008,DIF,PA ,NM ,FAILURE,"456,472","527,959","150,685"
"FRANKLIN BANK, SSB",26870,10021,"HOUSTON, TX",11/7/2008,DIF,PA ,SB ,FAILURE,"3,692,887","5,089,260","685,863"
FREEDOM BANK,57930,10019,"BRADENTON, FL",10/31/2008,DIF,PA ,NM ,FAILURE,"256,793","270,842","114,043"
ALPHA BANK & TRUST,58241,10018,"ALPHARETTA, GA",10/24/2008,DIF,PI ,NM ,FAILURE,"344,231","354,090","213,214"
MAIN STREET BANK,57654,10016,"NORTHVILLE, MI",10/10/2008,DIF,PA ,NM ,FAILURE,"98,934","112,368","56,318"
MERIDIAN BANK,13789,10017,"ELDRED, IL",10/10/2008,DIF,PA ,NM ,FAILURE,"36,090","38,223","16,618"
WASHINGTON MUTUAL BANK,32633,10015,"HENDERSON, NV",9/25/2008,DIF,PA ,SB ,FAILURE,"188,260,793","307,021,614",0
"AMERIBANK, INC.",6782,10014,"NORTHFORK, WV",9/19/2008,DIF,PA ,SB ,FAILURE,"100,901","103,965","38,290"
SILVER STATE BANK,34194,10013,"HENDERSON, NV",9/5/2008,DIF,PI ,NM ,FAILURE,"1,733,091","1,957,120","715,819"
INTEGRITY BANK,35469,10012,"ALPHARETTA, GA",8/29/2008,DIF,PA ,NM ,FAILURE,"962,456","1,107,514","467,888"
THE COLUMBIAN BANK AND TRUST COMPANY,22728,10011,"TOPEKA, KS",8/22/2008,DIF,PI ,NM ,FAILURE,"620,354","735,071","334,832"
FIRST PRIORITY BANK,57523,10010,"BRADENTON, FL",8/1/2008,DIF,PI ,NM ,FAILURE,"226,698","258,610","95,555"
FIRST NATIONAL BANK OF NEVADA,27011,10008,"RENO, NV",7/25/2008,DIF,PA ,N ,FAILURE,"3,038,053","3,411,145","719,291"
FIRST HERITAGE BANK N.A.,57961,10009,"NEWPORT BEACH, CA",7/25/2008,DIF,PA ,N ,FAILURE,"234,812","255,376","92,139"
INDYMAC BANK F.S.B,29730,10007,"PASADENA, CA",7/11/2008,DIF,PI*,SB ,FAILURE,"18,941,727","30,698,512","12,380,894"
"FIRST INTEGRITY BANK, N.A.",12736,10006,"STAPLES, MN",5/30/2008,DIF,PA ,N ,FAILURE,"50,178","52,916","10,305"
ANB FINANCIAL NATIONAL ASSOCIATION,33901,10005,"BENTONVILLE, AR",5/9/2008,DIF,PI ,N ,FAILURE,"1,815,691","1,895,545","1,030,148"
HUME BANK,1971,10004,"HUME, MO",3/7/2008,DIF,PI ,NM ,FAILURE,"13,566","18,682","3,982"
DOUGLASS NATIONAL BANK,24660,10003,"KANSAS CITY, MO",1/25/2008,DIF,PA ,N ,FAILURE,"50,250","52,824","7,157"
MIAMI VALLEY BANK,16848,10002,"LAKEVIEW, OH",10/4/2007,DIF,PI ,NM ,FAILURE,"119,601","125,362","28,394"
NETBANK,32575,10001,"ALPHARETTA, GA",9/28/2007,DIF,PI ,SB ,FAILURE,"2,290,046","2,473,806","123,453"
METROPOLITAN SAVINGS BANK,35353,10000,"PITTSBURGH, PA",2/2/2007,DIF,PI ,SB ,FAILURE,"14,540","15,760","9,438"
BANK OF EPHRAIM,1249,4665,"EPHRAIM, UT",6/25/2004,BIF,PI ,SM ,FAILURE,"52,329","56,774","2,998"
RELIANCE BANK,26778,4664,"WHITE PLAINS, NY",3/19/2004,BIF,PA ,NM ,FAILURE,"27,881","28,637",919
GUARANTY NATIONAL BANK,26838,4663,"TALLAHASSEE, FL",3/12/2004,BIF,PA ,N ,FAILURE,"65,614","71,280",0
DOLLAR SAVINGS BANK,31330,6006,"NEWARK, NJ",2/14/2004,SAIF,PO ,SB ,FAILURE,"10,909","13,408",0
PULASKI SAVINGS BANK,27203,4662,"PHILADELPHIA, PA",11/14/2003,BIF,PA ,SB ,FAILURE,"9,058","8,487",679
THE FIRST NATIONAL BANK OF BLANCHARDVILLE,11639,4661,"BLANCHARDVILLE, WI",5/9/2003,BIF,PI ,N ,FAILURE,"28,760","34,536","12,788"
SOUTHERN PACIFIC BANK,27094,4660,"TORRANCE, CA",2/7/2003,BIF,PI ,NM ,FAILURE,"864,160","904,294","49,179"
THE FARMERS BANK & TRUST OF CHENEYVILLE,16445,4659,"CHENEYVILLE, LA",12/17/2002,BIF,PI ,NM ,FAILURE,"32,103","35,317","12,205"
BANK OF ALAMO,9961,4658,"ALAMO, TN",11/8/2002,BIF,PO ,NM ,FAILURE,"52,157","58,454","9,316"
AMTRADE INTERNATIONAL BANK OF GEORGIA,33784,4657,"ATLANTA, GA",9/30/2002,BIF,PO ,SM ,FAILURE,"73,205","92,144","1,326"
UNIVERSAL FSB,29355,6005,"CHICAGO, IL",6/27/2002,SAIF,PI ,SB ,FAILURE,"40,340","51,628",274
CONNECTICUT BANK OF COMMERCE,19183,4656,"STAMFORD, CT",6/26/2002,BIF,PI ,NM ,FAILURE,"344,416","384,172","53,784"
NEW CENTURY BANK,34979,4655,"SHELBY TOWNSHIP, MI",3/28/2002,BIF,PO ,SM ,FAILURE,"18,902","21,091","4,440"
NET FIRST NATIONAL BANK,26652,4654,"BOCA RATON, FL",3/1/2002,BIF,PI ,N ,FAILURE,"31,601","37,207",N/A
NEXTBANK,22314,4653,"PHOENIX, AZ",2/7/2002,BIF,PO ,N ,FAILURE,"551,297","700,180","164,047"
OAKWOOD DEPOSIT BANK,8966,4652,"OAKWOOD, OH",2/1/2002,BIF,PI ,SM ,FAILURE,"60,168","72,267","63,600"
BANK OF SIERRA BLANCA,22002,4651,"SIERRA BLANCA, TX",1/18/2002,BIF,PI ,NM ,FAILURE,"9,914","10,764","4,574"
"HAMILTON BANK, NATIONAL ASSOCIATION",24382,4650,"MIAMI, FL",1/11/2002,BIF,PI ,N ,FAILURE,"1,298,731","1,409,496","101,748"
SINCLAIR NATIONAL BANK,34248,4649,"GRAVETTE, AR",9/7/2001,BIF,PI ,N ,FAILURE,"26,054","29,792","4,206"
"SUPERIOR BANK, FSB",32646,6004,"HINSDALE, IL",7/27/2001,SAIF,PI*,SB ,FAILURE,"1,609,501","1,765,455","286,673"
MALTA NATIONAL BANK,6629,4648,"MALTA, OH",5/3/2001,BIF,PA ,N ,FAILURE,"8,728","9,075",769
FIRST ALLIANCE BANK AND TRUST CO,34264,4647,"MANCHESTER, NH",2/2/2001,BIF,PA ,NM ,FAILURE,"16,931","17,438",817
NATIONAL STATE BANK OF METROPOLIS,3815,4646,"METROPOLIS, IL",12/14/2000,BIF,PI ,N ,FAILURE,"71,277","90,397","2,670"
BANK OF HONOLULU,21029,4645,"HONOLULU, HI",10/13/2000,BIF,PI ,NM ,FAILURE,"59,037","63,890",400
